{
    "max_pool_3x3": 0.00010267236232757568,
    "avg_pool_3x3": 0.00011904197692871094,
    "skip_connect": 3.4217023849487306e-06,
    "sep_conv_3x3": 0.00033535193204879763,
    "sep_conv_5x5": 0.0005660451364517212,
    "dil_conv_3x3": 0.00017389242887496948,
    "dil_conv_5x5": 0.00024457700967788696
}