{
    "max_pool_3x3": 9.9945068359375e-06,
    "avg_pool_3x3": 0.00010409355163574219,
    "skip_connect": 7.148981094360352e-05,
    "sep_conv_3x3": 0.00043182849884033204,
    "sep_conv_5x5": 0.0005714178085327148,
    "dil_conv_3x3": 0.00020882368087768555,
    "dil_conv_5x5": 0.00035614967346191405
}